Name,Address,Latitude,Longitude,City,Price Tier,Price Segment (1-10),Marker Color,Operator Mention Count,Operators Confirmed,Hotel Stars,Description
Palm Garden Beach Resort & Spa Hoi An,"Lac Long Quan, Cua Dai Beach, Hoi An, Quang Nam, Vietnam",15.8976157,108.3640426,Hoi An,7 - Upscale,7,#FB8C00,11,"ANEX, Art Tour, BG, Coral, FUN&SUN, PACS, Pegas, PSG, R-Express, Sunmar, TEZ",5,"Stars: 5. Price tier: 7 - Upscale. Price segment: 7/10. Operators (11): ANEX, Art Tour, BG, Coral, FUN&SUN, PACS, Pegas, PSG, R-Express, Sunmar, TEZ"
Sheraton Grand Danang Resort,"Sheraton Grand Danang Resort & Spa, 35, Đường Trường Sa, Phường Ngũ Hành Sơn, Thành phố Đà Nẵng, 50510, Việt Nam",15.9814271,108.2789535,Da Nang,8 - Premium,8,#F4511E,10,"ANEX, Art Tour, Coral, FUN&SUN, PACS, Pegas, PSG, R-Express, Sunmar, TEZ",5,"Stars: 5. Price tier: 8 - Premium. Price segment: 8/10. Operators (10): ANEX, Art Tour, Coral, FUN&SUN, PACS, Pegas, PSG, R-Express, Sunmar, TEZ"
Furama Resort Danang,"Furama Resort, 105, Võ Nguyên Giáp, Phường Ngũ Hành Sơn, Thành phố Đà Nẵng, 50507, Việt Nam",16.0397489,108.2513386,Da Nang,8 - Premium,8,#F4511E,9,"ANEX, Coral, FUN&SUN, PACS, Pegas, Planeta Travel, R-Express, Sunmar, TEZ",5,"Stars: 5. Price tier: 8 - Premium. Price segment: 8/10. Operators (9): ANEX, Coral, FUN&SUN, PACS, Pegas, Planeta Travel, R-Express, Sunmar, TEZ"
Hoi An Beach Resort,"Hoi An Beach Resort, Âu Cơ, Phường Hội An Đông, Thành phố Đà Nẵng, 51313, Việt Nam",15.8964889,108.3672024,Hoi An,6 - Upper mid-range,6,#FDD835,9,"ANEX, Coral, FUN&SUN, PACS, Pegas, Planeta Travel, R-Express, Sunmar, TEZ",4,"Stars: 4. Price tier: 6 - Upper mid-range. Price segment: 6/10. Operators (9): ANEX, Coral, FUN&SUN, PACS, Pegas, Planeta Travel, R-Express, Sunmar, TEZ"
Hyatt Regency Danang Resort & Spa,"5 Truong Sa, Hoa Hai, Ngu Hanh Son, Da Nang, Vietnam",16.0125,108.263611,Da Nang,9 - Luxury,9,#E53935,9,"ANEX, Coral, FUN&SUN, ICS, PACS, Pegas, R-Express, Sunmar, TEZ",5,"Stars: 5. Price tier: 9 - Luxury. Price segment: 9/10. Operators (9): ANEX, Coral, FUN&SUN, ICS, PACS, Pegas, R-Express, Sunmar, TEZ"
Pullman Danang Beach Resort,"Pullman Danang Beach Resort, Đà Nẵng, DA 50507, Vietnam",16.04058,108.25012,Da Nang,7 - Upscale,7,#FB8C00,9,"ANEX, Coral, FUN&SUN, Pegas, Planeta Travel, PSG, Space Travel, Sunmar, TEZ",5,"Stars: 5. Price tier: 7 - Upscale. Price segment: 7/10. Operators (9): ANEX, Coral, FUN&SUN, Pegas, Planeta Travel, PSG, Space Travel, Sunmar, TEZ"
Muong Thanh Luxury Da Nang Hotel,"270 Vo Nguyen Giap, Ngu Hanh Son, Da Nang, Vietnam",16.053936,108.24746,Da Nang,5 - Mid-range,5,#C0CA33,8,"ANEX, BG, Coral, FUN&SUN, PACS, Pegas, Sunmar, TEZ",4,"Stars: 4. Price tier: 5 - Mid-range. Price segment: 5/10. Operators (8): ANEX, BG, Coral, FUN&SUN, PACS, Pegas, Sunmar, TEZ"
New World Hoiana Beach & Resort,"Tay Son Tay, Duy Hai, Duy Xuyen, Quang Nam, Vietnam",15.821574,108.404568,Hoiana,7 - Upscale,7,#FB8C00,8,"ANEX, Coral, FUN&SUN, Pegas, PSG, R-Express, Sunmar, TEZ",5,"Stars: 5. Price tier: 7 - Upscale. Price segment: 7/10. Operators (8): ANEX, Coral, FUN&SUN, Pegas, PSG, R-Express, Sunmar, TEZ"
Radisson Hotel Danang,"Radisson, Đường Loseby, Phường An Hải, Thành phố Đà Nẵng, 50408, Việt Nam",16.0738839,108.2446681,Da Nang,7 - Upscale,7,#FB8C00,8,"ANEX, Art Tour, Coral, FUN&SUN, ICS, Pegas, Sunmar, TEZ",5,"Stars: 5. Price tier: 7 - Upscale. Price segment: 7/10. Operators (8): ANEX, Art Tour, Coral, FUN&SUN, ICS, Pegas, Sunmar, TEZ"
Vinpearl Resort & Golf Nam Hoi An,"Vo Chi Cong, Binh Minh, Thang Binh, Quang Nam, Vietnam",15.793379,108.412104,Hoiana / Nam Hoi An,8 - Premium,8,#F4511E,8,"ANEX, Coral, FUN&SUN, Pegas, PSG, R-Express, Sunmar, TEZ",5,"Stars: 5. Price tier: 8 - Premium. Price segment: 8/10. Operators (8): ANEX, Coral, FUN&SUN, Pegas, PSG, R-Express, Sunmar, TEZ"
Wyndham Hoi An Royal Beachfront Resort & Villas,"Hoiana, Duy Xuyen, Quang Nam, Vietnam",15.82,108.403,Hoiana,6 - Upper mid-range,6,#FDD835,8,"ANEX, Coral, FUN&SUN, Pegas, PSG, R-Express, Sunmar, TEZ",5,"Stars: 5. Price tier: 6 - Upper mid-range. Price segment: 6/10. Operators (8): ANEX, Coral, FUN&SUN, Pegas, PSG, R-Express, Sunmar, TEZ"
Anantara Hoi An Resort,"Anantara Hoi An Resort, Hoi An, Vietnam",15.87706,108.33699,Hoi An,9 - Luxury,9,#E53935,7,"ANEX, Coral, FUN&SUN, PACS, Pegas, Space Travel, TEZ",4,"Stars: 4. Price tier: 9 - Luxury. Price segment: 9/10. Operators (7): ANEX, Coral, FUN&SUN, PACS, Pegas, Space Travel, TEZ"
Holiday Beach Danang Hotel & Spa,"300 Vo Nguyen Giap, Ngu Hanh Son, Da Nang, Vietnam",16.0485,108.2488,Da Nang,4 - Value,4,#7CB342,7,"ANEX, BG, Coral, FUN&SUN, Pegas, Sunmar, TEZ",4,"Stars: 4. Price tier: 4 - Value. Price segment: 4/10. Operators (7): ANEX, BG, Coral, FUN&SUN, Pegas, Sunmar, TEZ"
TMS Hotel Da Nang Beach,"TMS Hotel Da Nang Beach, 292, Đường Võ Nguyên Giáp, Phường Ngũ Hành Sơn, Thành phố Đà Nẵng, 50507, Việt Nam",16.051152,108.2480701,Da Nang,6 - Upper mid-range,6,#FDD835,7,"ANEX, Coral, FUN&SUN, Pegas, PSG, Sunmar, TEZ",4,"Stars: 4. Price tier: 6 - Upper mid-range. Price segment: 6/10. Operators (7): ANEX, Coral, FUN&SUN, Pegas, PSG, Sunmar, TEZ"
Four Seasons Resort The Nam Hai,"Block Ha My Dong B, Dien Duong, Dien Ban, Quang Nam, Vietnam",15.872039,108.345833,Ha My / Dien Duong,9 - Luxury,9,#E53935,6,"ANEX, Art Tour, BG, ICS, R-Express, TEZ",5,"Stars: 5. Price tier: 9 - Luxury. Price segment: 9/10. Operators (6): ANEX, Art Tour, BG, ICS, R-Express, TEZ"
InterContinental Danang Sun Peninsula Resort,"InterContinental Danang Sun Peninsula Resort, Đường Hoàng Sa, Phường Sơn Trà, Thành phố Đà Nẵng, Việt Nam",16.1210876,108.3061358,Da Nang,10 - Ultra luxury,10,#B71C1C,5,"ANEX, Coral, PACS, Pegas, PSG",5,"Stars: 5. Price tier: 10 - Ultra luxury. Price segment: 10/10. Operators (5): ANEX, Coral, PACS, Pegas, PSG"
Maximilan Danang Beach Hotel,"222 Vo Nguyen Giap, Phuoc My, Son Tra, Da Nang, Vietnam",16.0455,108.2482,Da Nang,5 - Mid-range,5,#C0CA33,5,"ANEX, BG, PACS, Pegas, PSG",4,"Stars: 4. Price tier: 5 - Mid-range. Price segment: 5/10. Operators (5): ANEX, BG, PACS, Pegas, PSG"
Premier Village Danang Resort Managed by Accor,"99 Vo Nguyen Giap, Ngu Hanh Son, Da Nang, Vietnam",16.0436238,108.2496571,Da Nang,9 - Luxury,9,#E53935,5,"BG, Coral, ICS, Pegas, R-Express",5,"Stars: 5. Price tier: 9 - Luxury. Price segment: 9/10. Operators (5): BG, Coral, ICS, Pegas, R-Express"
Bliss Hoi An Beach Resort & Wellness,"Bliss Hoi An Beach Resort & Wellness, Đường tỉnh 613, Xã Thăng An, Thành phố Đà Nẵng, Việt Nam",15.778785,108.4294673,Hoi An,8 - Premium,8,#F4511E,4,"ANEX, FUN&SUN, PSG, Space Travel",5,"Stars: 5. Price tier: 8 - Premium. Price segment: 8/10. Operators (4): ANEX, FUN&SUN, PSG, Space Travel"
Danang Marriott Resort & Spa,"Danang Marriott Resort & Spa, 7, Đường Trường Sa, Phường Ngũ Hành Sơn, Thành phố Đà Nẵng, 50507, Việt Nam",16.0073852,108.266296,Da Nang,8 - Premium,8,#F4511E,4,"ANEX, Art Tour, PSG, R-Express",5,"Stars: 5. Price tier: 8 - Premium. Price segment: 8/10. Operators (4): ANEX, Art Tour, PSG, R-Express"
DLG Hotel Danang,"DLG Hotel, 258, Đường Võ Nguyên Giáp, Phường An Hải, Thành phố Đà Nẵng, 50408, Việt Nam",16.0579365,108.2461526,Da Nang,6 - Upper mid-range,6,#FDD835,4,"ANEX, FUN&SUN, ICS, R-Express",5,"Stars: 5. Price tier: 6 - Upper mid-range. Price segment: 6/10. Operators (4): ANEX, FUN&SUN, ICS, R-Express"
Hoiana Residences,"Tay Son Tay, Duy Hai, Hoiana, Quang Nam, Vietnam",15.821574,108.404568,Hoiana,7 - Upscale,7,#FB8C00,4,"ANEX, Pegas, PSG, R-Express",5,"Stars: 5. Price tier: 7 - Upscale. Price segment: 7/10. Operators (4): ANEX, Pegas, PSG, R-Express"
Koi Resort & Residence Da Nang,"11 Truong Sa, Hoa Hai, Ngu Hanh Son, Da Nang, Vietnam",16.004841,108.268918,Da Nang,6 - Upper mid-range,6,#FDD835,4,"ANEX, BG, PACS, PSG",5,"Stars: 5. Price tier: 6 - Upper mid-range. Price segment: 6/10. Operators (4): ANEX, BG, PACS, PSG"
M Hotel Danang,"M Hotel Da Nang, 286, Đường Võ Nguyên Giáp, Phường Ngũ Hành Sơn, Thành phố Đà Nẵng, 50507, Việt Nam",16.0517939,108.2479104,Da Nang,6 - Upper mid-range,6,#FDD835,4,"ANEX, FUN&SUN, Pegas, R-Express",5,"Stars: 5. Price tier: 6 - Upper mid-range. Price segment: 6/10. Operators (4): ANEX, FUN&SUN, Pegas, R-Express"
Mandila Beach Hotel,"Mandila Beach, 216, Đường Võ Nguyên Giáp, Phường An Hải, Thành phố Đà Nẵng, 50408, Việt Nam",16.0674704,108.2449031,Da Nang,4 - Value,4,#7CB342,4,"ANEX, BG, PACS, PSG",4,"Stars: 4. Price tier: 4 - Value. Price segment: 4/10. Operators (4): ANEX, BG, PACS, PSG"
Minh Toan Safi Ocean Hotel,"Minh Toan Safi Ocean, Đường Võ Nguyên Giáp, Phường An Hải, Thành phố Đà Nẵng, 50408, Việt Nam",16.0670601,108.244862,Da Nang,3 - Cheap,3,#43A047,4,"ANEX, BG, PACS, PSG",4,"Stars: 4. Price tier: 3 - Cheap. Price segment: 3/10. Operators (4): ANEX, BG, PACS, PSG"
Non Nuoc Beach Villas,"Danang Marriott Resort & Spa, Non Nuoc Beach Villas, 23, Đường Trường Sa, Ngũ Hành Sơn Ward, Đà Nẵng, Vietnam",15.9938706,108.2702536,Da Nang,9 - Luxury,9,#E53935,4,"ANEX, Art Tour, PSG, R-Express",5,"Stars: 5. Price tier: 9 - Luxury. Price segment: 9/10. Operators (4): ANEX, Art Tour, PSG, R-Express"
Victoria Hoi An Beach Resort & Spa,"Au Co, Cua Dai Beach, Hoi An, Quang Nam, Vietnam",15.895326,108.369756,Hoi An,7 - Upscale,7,#FB8C00,4,"ANEX, BG, PACS, PSG",5,"Stars: 5. Price tier: 7 - Upscale. Price segment: 7/10. Operators (4): ANEX, BG, PACS, PSG"
Wyndham Garden Hoi An,"19 Lac Long Quan, Cam An, Hoi An, Quang Nam, Vietnam",15.8975,108.3525,Hoi An,5 - Mid-range,5,#C0CA33,4,"ANEX, BG, PACS, PSG",4,"Stars: 4. Price tier: 5 - Mid-range. Price segment: 5/10. Operators (4): ANEX, BG, PACS, PSG"
A La Carte Danang Beach,"A La Carte Danang Beach, 200, Đường Võ Nguyên Giáp, Phường An Hải, Thành phố Đà Nẵng, 50408, Việt Nam",16.0687157,108.2446388,Da Nang,7 - Upscale,7,#FB8C00,3,"ANEX, PSG, R-Express",5,"Stars: 5. Price tier: 7 - Upscale. Price segment: 7/10. Operators (3): ANEX, PSG, R-Express"
Angel Hotel,"Angel Hotels, Ngô Thì Sĩ, Phường Ngũ Hành Sơn, Thành phố Đà Nẵng, 50507, Việt Nam",16.0486026,108.2481857,Da Nang,1 - Budget,1,#1B5E20,3,"FUN&SUN, ICS, PSG",3,"Stars: 3. Price tier: 1 - Budget. Price segment: 1/10. Operators (3): FUN&SUN, ICS, PSG"
Avatar Da Nang Hotel,"46-48 Hoang Ke Viem, Bac My An, Ngu Hanh Son, Da Nang, Vietnam",16.052,108.248,Da Nang,2 - Very cheap,2,#2E7D32,3,"FUN&SUN, ICS, PSG",4,"Stars: 4. Price tier: 2 - Very cheap. Price segment: 2/10. Operators (3): FUN&SUN, ICS, PSG"
Blue Ocean 2 Hotel,"51 Hoang Ke Viem, Bac My An, Ngu Hanh Son, Da Nang, Vietnam",16.052,108.245,Da Nang,1 - Budget,1,#1B5E20,3,"FUN&SUN, ICS, PSG",3,"Stars: 3. Price tier: 1 - Budget. Price segment: 1/10. Operators (3): FUN&SUN, ICS, PSG"
King's Finger Hotel,"187 Ho Nghinh, Son Tra, Da Nang, Vietnam",16.055,108.242,Da Nang,1 - Budget,1,#1B5E20,3,"FUN&SUN, ICS, PSG",3,"Stars: 3. Price tier: 1 - Budget. Price segment: 1/10. Operators (3): FUN&SUN, ICS, PSG"
Renaissance Hoi An Resort & Spa,"Block 6, Phuoc Hai, Cua Dai, Hoi An, Quang Nam, Vietnam",15.880556,108.388611,Hoi An,7 - Upscale,7,#FB8C00,3,"Art Tour, PSG, R-Express",5,"Stars: 5. Price tier: 7 - Upscale. Price segment: 7/10. Operators (3): Art Tour, PSG, R-Express"
Belle Maison Parosand Danang,"Belle Maison Parosand Hotel, 216, Đường Võ Nguyên Giáp, Phường An Hải, Thành phố Đà Nẵng, 50408, Việt Nam",16.0674697,108.2448548,Da Nang,3 - Cheap,3,#43A047,2,"Coral, Pegas",4,"Stars: 4. Price tier: 3 - Cheap. Price segment: 3/10. Operators (2): Coral, Pegas"
Fivitel Hoi An Hotel,"135 Tran Hung Dao, Hoi An, Quang Nam, Vietnam",15.879,108.335,Hoi An,4 - Value,4,#7CB342,2,"ANEX, PSG",4,"Stars: 4. Price tier: 4 - Value. Price segment: 4/10. Operators (2): ANEX, PSG"
Four Seasons Nam Hai,"Block Ha My Dong B, Dien Duong, Dien Ban, Quang Nam, Vietnam",15.872039,108.345833,Hoi An,10 - Ultra luxury,10,#B71C1C,2,"ANEX, TEZ",4,"Stars: 4. Price tier: 10 - Ultra luxury. Price segment: 10/10. Operators (2): ANEX, TEZ"
Naman Retreat,"Naman Retreat, Truong Sa, Ngu Hanh Son, Da Nang, Vietnam",15.96915,108.2847535,Hoi An,8 - Premium,8,#F4511E,2,"KOMPAS, Pegas",5,"Stars: 5. Price tier: 8 - Premium. Price segment: 8/10. Operators (2): KOMPAS, Pegas"
Serene Nature Boutique Resort & Spa,"Thanh Nien Road, Cam Ha, Hoi An, Quang Nam, Vietnam",15.865,108.32,Hoi An,6 - Upper mid-range,6,#FDD835,2,"ANEX, R-Express",4,"Stars: 4. Price tier: 6 - Upper mid-range. Price segment: 6/10. Operators (2): ANEX, R-Express"
Wyndham Danang Golden Bay,"Wyndham Danang Golden Bay Hotel, 01, Đường Lê Văn Duyệt, Phường Sơn Trà, Thành phố Đà Nẵng, 50207, Việt Nam",16.0980621,108.2243797,Da Nang,5 - Mid-range,5,#C0CA33,2,"ANEX, Pegas",5,"Stars: 5. Price tier: 5 - Mid-range. Price segment: 5/10. Operators (2): ANEX, Pegas"
Ancient House Resort Hoi An,"Ancient House Resort, Hoi An, Vietnam",15.8802989,108.3428569,Hoi An,5 - Mid-range,5,#C0CA33,1,FUN&SUN,4,Stars: 4. Price tier: 5 - Mid-range. Price segment: 5/10. Operators (1): FUN&SUN
Bamboo Green Central Hotel,"Bamboo Green Central Hotel, Thanh Khe, Da Nang, Vietnam",16.06345,108.21978,Da Nang,1 - Budget,1,#1B5E20,1,TEZ,3,Stars: 3. Price tier: 1 - Budget. Price segment: 1/10. Operators (1): TEZ
Beautiful Beach Hotel,"12 Hoang Ke Viem, Bac My An, Ngu Hanh Son, Da Nang, Vietnam",16.062,108.245,Da Nang,3 - Cheap,3,#43A047,1,TEZ,3,Stars: 3. Price tier: 3 - Cheap. Price segment: 3/10. Operators (1): TEZ
Bellerive Hoi An Resort & Spa,"33 Le Dai Hanh Street, Cua Dai Ward, Hoi An, Quang Nam, Vietnam",15.888542,108.375666,Hoi An,7 - Upscale,7,#FB8C00,1,FUN&SUN,5,Stars: 5. Price tier: 7 - Upscale. Price segment: 7/10. Operators (1): FUN&SUN
Centara Sandy Beach Resort Danang,"Sandy Beach Non Nuoc Resort Danang By Centara, Da Nang, Vietnam",15.99683,108.27111,Da Nang,7 - Upscale,7,#FB8C00,1,TEZ,4,Stars: 4. Price tier: 7 - Upscale. Price segment: 7/10. Operators (1): TEZ
Centre Point Hotel and Residence,"Centre Point Hotel and Residence, Đường Nguyễn Thị Minh Khai, Thanh Bình, Phường Hải Châu, Thành phố Đà Nẵng, 50207, Việt Nam",16.0766799,108.2174776,Da Nang,5 - Mid-range,5,#C0CA33,1,ANEX,5,Stars: 5. Price tier: 5 - Mid-range. Price segment: 5/10. Operators (1): ANEX
Century Hotel Da Nang,"Century Hotel, 105, Đường Võ Văn Kiệt, Phường An Hải, Thành phố Đà Nẵng, 50408, Việt Nam",16.0626108,108.2418096,Da Nang,4 - Value,4,#7CB342,1,ANEX,4,Stars: 4. Price tier: 4 - Value. Price segment: 4/10. Operators (1): ANEX
Chicland Danang Beach Hotel,"105 Vo Nguyen Giap, Khue My, Ngu Hanh Son, Da Nang, Vietnam",16.04979,108.2486,Da Nang,7 - Upscale,7,#FB8C00,1,Pegas,4,Stars: 4. Price tier: 7 - Upscale. Price segment: 7/10. Operators (1): Pegas
Diamond Sea Hotel,"Diamond Sea, Đường Võ Nguyên Giáp, Phường An Hải, Thành phố Đà Nẵng, 50408, Việt Nam",16.0665111,108.2448813,Da Nang,6 - Upper mid-range,6,#FDD835,1,ANEX,4,Stars: 4. Price tier: 6 - Upper mid-range. Price segment: 6/10. Operators (1): ANEX
Dylan Hotel Da Nang,"Mikazuki Đà Nẵng Hotel, Da Nang, DA 84236, Vietnam",16.093698,108.144566,Da Nang,3 - Cheap,3,#43A047,1,TEZ,3,Stars: 3. Price tier: 3 - Cheap. Price segment: 3/10. Operators (1): TEZ
Fansipan Da Nang Hotel,"Fansipan Hotel, Vo Nguyen Giap, Ngu Hanh Son, Da Nang, Vietnam",16.0415643,108.2483774,Da Nang,1 - Budget,1,#1B5E20,1,TEZ,3,Stars: 3. Price tier: 1 - Budget. Price segment: 1/10. Operators (1): TEZ
Furama Villas Danang,"Furama Villas, 107, Võ Nguyên Giáp, Phường Ngũ Hành Sơn, Thành phố Đà Nẵng, 50507, Việt Nam",16.036257,108.252374,Da Nang,9 - Luxury,9,#E53935,1,China Travel,5,Stars: 5. Price tier: 9 - Luxury. Price segment: 9/10. Operators (1): China Travel
Fusion Resort & Villas Da Nang,"Fusion Resort & Villas, Ocean Drive, Ngu Hanh Son, Da Nang, Vietnam",15.9724202,108.2822877,Da Nang,7 - Upscale,7,#FB8C00,1,ANEX,5,Stars: 5. Price tier: 7 - Upscale. Price segment: 7/10. Operators (1): ANEX
Golden Sand Resort & Spa,"Cua Dai, Hoi An, Quang Nam, Vietnam",15.905,108.352,Hoi An,4 - Value,4,#7CB342,1,TEZ,5,Stars: 5. Price tier: 4 - Value. Price segment: 4/10. Operators (1): TEZ
Grand Mercure Danang,"Grand Mercure Hoi An, Phường Hội An Tây, Thành phố Đà Nẵng, Việt Nam",15.9202798,108.3285347,Da Nang,6 - Upper mid-range,6,#FDD835,1,China Travel,5,Stars: 5. Price tier: 6 - Upper mid-range. Price segment: 6/10. Operators (1): China Travel
Grandvrio Ocean Resort Danang,"Lac Long Quan Street, Dien Ngoc Ward, Dien Ban, Quang Nam, Vietnam",15.9062,108.3414,Da Nang,5 - Mid-range,5,#C0CA33,1,ANEX,5,Stars: 5. Price tier: 5 - Mid-range. Price segment: 5/10. Operators (1): ANEX
Green Heaven Resort & Spa,"81 Nguyen Duy Hieu, Cam Chau, Hoi An, Quang Nam, Vietnam",15.868,108.34,Hoi An,2 - Very cheap,2,#2E7D32,1,TEZ,4,Stars: 4. Price tier: 2 - Very cheap. Price segment: 2/10. Operators (1): TEZ
Green Hotel Danang,"Khách sạn Green Plaza, 238, Đường Lê Hồng Phong, Phước Ninh, Phường Hải Châu, Thành phố Đà Nẵng, 02363, Việt Nam",16.0634262,108.2236979,Da Nang,4 - Value,4,#7CB342,1,TEZ,3,Stars: 3. Price tier: 4 - Value. Price segment: 4/10. Operators (1): TEZ
Hoi An Field Villa & Spa,"Lac Long Quan, Cam Ha, Hoi An, Quang Nam, Vietnam",15.88,108.35,Hoi An,1 - Budget,1,#1B5E20,1,R-Express,3,Stars: 3. Price tier: 1 - Budget. Price segment: 1/10. Operators (1): R-Express
Hoi An Memories Land,"Hoi An Memories Land, Phường Hội An, Thành phố Đà Nẵng, Việt Nam",15.8751381,108.3398096,Hoi An,7 - Upscale,7,#FB8C00,1,ANEX,5,Stars: 5. Price tier: 7 - Upscale. Price segment: 7/10. Operators (1): ANEX
Hoi An Odyssey Hotel,"Hoi An Odyssey Hotel & Spa, Lương Như Bích, An Hội, Phố cổ Hội An, Phường Hội An, Thành phố Đà Nẵng, 64000, Việt Nam",15.8719982,108.3299675,Hoi An,4 - Value,4,#7CB342,1,FUN&SUN,4,Stars: 4. Price tier: 4 - Value. Price segment: 4/10. Operators (1): FUN&SUN
Hoi An Rose Garden Hotel,"576 Cua Dai, Cam Chau, Hoi An, Quang Nam, Vietnam",15.8802989,108.3428569,Hoi An,1 - Budget,1,#1B5E20,1,R-Express,3,Stars: 3. Price tier: 1 - Budget. Price segment: 1/10. Operators (1): R-Express
Hotel Royal Hoi An - MGallery,"39 Dao Duy Tu Street, Hoi An, Quang Nam, Vietnam",15.8766,108.3199,Hoi An,8 - Premium,8,#F4511E,1,R-Express,5,Stars: 5. Price tier: 8 - Premium. Price segment: 8/10. Operators (1): R-Express
Hyatt Regency Danang,"Hyatt Regency Resort and Spa, 5, Đường Trường Sa, Phường Ngũ Hành Sơn, Thành phố Đà Nẵng, 50507, Việt Nam",16.0125892,108.2637747,Da Nang,7 - Upscale,7,#FB8C00,1,China Travel,5,Stars: 5. Price tier: 7 - Upscale. Price segment: 7/10. Operators (1): China Travel
Indochine Hoi An Hotel,"Hoi An Indochine Hotel, Cua Dai area, Hoi An, Vietnam",15.875,108.336,Hoi An,3 - Cheap,3,#43A047,1,TEZ,3,Stars: 3. Price tier: 3 - Cheap. Price segment: 3/10. Operators (1): TEZ
Kay Hotel,"Kay Hotel, Hai Chau, Da Nang, Vietnam",16.0651724,108.2192072,Da Nang,1 - Budget,1,#1B5E20,1,TEZ,3,Stars: 3. Price tier: 1 - Budget. Price segment: 1/10. Operators (1): TEZ
Koi Resort & Spa Hoi An,"KOI Resort & Spa, Âu Cơ, Phường Hội An Đông, Thành phố Đà Nẵng, 51313, Việt Nam",15.8941233,108.3685679,Hoi An,5 - Mid-range,5,#C0CA33,1,TEZ,5,Stars: 5. Price tier: 5 - Mid-range. Price segment: 5/10. Operators (1): TEZ
La Charm Hoi An Hotel & Spa,"La Charm Hoi An Hotel & Spa, 64, Đào Duy Từ, An Hội, Phố cổ Hội An, Phường Hội An, Thành phố Đà Nẵng, 51309, Việt Nam",15.8771622,108.3201341,Hoi An,5 - Mid-range,5,#C0CA33,1,FUN&SUN,4,Stars: 4. Price tier: 5 - Mid-range. Price segment: 5/10. Operators (1): FUN&SUN
Laluna Riverside Hoi An,"Laluna Hoi An Riverside Hotel & Spa, 12, Nguyễn Du, An Hội, Phố cổ Hội An, Phường Hội An Tây, Phường Hội An, Thành phố Đà Nẵng, 51309, Việt Nam",15.8764762,108.3216752,Hoi An,5 - Mid-range,5,#C0CA33,1,FUN&SUN,4,Stars: 4. Price tier: 5 - Mid-range. Price segment: 5/10. Operators (1): FUN&SUN
Lion Sea Hotel,"268 Vo Nguyen Giap, Bac My An, Ngu Hanh Son, Da Nang, Vietnam",16.052,108.243,Da Nang,1 - Budget,1,#1B5E20,1,TEZ,3,Stars: 3. Price tier: 1 - Budget. Price segment: 1/10. Operators (1): TEZ
Melia Danang Beach Resort,"Meliá Danang Beach Resort, Đường Mộc Sơn 7, Phường Ngũ Hành Sơn, Thành phố Đà Nẵng, 50510, Việt Nam",16.0010848,108.2691135,Da Nang,7 - Upscale,7,#FB8C00,1,Pegas,5,Stars: 5. Price tier: 7 - Upscale. Price segment: 7/10. Operators (1): Pegas
Namia River Retreat,"Namia River Retreat - Wellness Inclusive Resort, 232, Trần Nhân Tông, Phường Hội An Đông, Thành phố Đà Nẵng, 64000, Việt Nam",15.8740909,108.3520378,Hoi An,9 - Luxury,9,#E53935,1,ANEX,5,Stars: 5. Price tier: 9 - Luxury. Price segment: 9/10. Operators (1): ANEX
Nesta Hoian Resort and Spa,"135 Tran Hung Dao, Cam Chau, Hoi An, Quang Nam, Vietnam",15.865,108.33,Hoi An,5 - Mid-range,5,#C0CA33,1,ANEX,5,Stars: 5. Price tier: 5 - Mid-range. Price segment: 5/10. Operators (1): ANEX
Orange Hotel,"Orange Hotel, Thanh Khe, Da Nang, Vietnam",16.06517,108.21933,Da Nang,3 - Cheap,3,#43A047,1,TEZ,3,Stars: 3. Price tier: 3 - Cheap. Price segment: 3/10. Operators (1): TEZ
Palm Garden Beach Resort & Spa,"Lac Long Quan, Cua Dai Beach, Hoi An, Quang Nam, Vietnam",15.8976157,108.3640426,Hoi An,8 - Premium,8,#F4511E,1,TEZ,5,Stars: 5. Price tier: 8 - Premium. Price segment: 8/10. Operators (1): TEZ
Peninsula Hotel Danang,"Peninsula, Đường Lê Bôi, Phường Sơn Trà, Thành phố Đà Nẵng, 50408, Việt Nam",16.0815678,108.2470677,Da Nang,6 - Upper mid-range,6,#FDD835,1,ANEX,5,Stars: 5. Price tier: 6 - Upper mid-range. Price segment: 6/10. Operators (1): ANEX
Phuc Long Luxury Hotel Danang,"81 Vo Nguyen Giap, Khue My, Ngu Hanh Son, Da Nang, Vietnam",16.045,108.246,Da Nang,8 - Premium,8,#F4511E,1,TEZ,4,Stars: 4. Price tier: 8 - Premium. Price segment: 8/10. Operators (1): TEZ
Pulchra Resort Danang,"Pulchra Resort Da Nang, Trường Sa, Phường Ngũ Hành Sơn, Thành phố Đà Nẵng, 50510, Việt Nam",15.9889721,108.2742601,Da Nang,8 - Premium,8,#F4511E,1,China Travel,5,Stars: 5. Price tier: 8 - Premium. Price segment: 8/10. Operators (1): China Travel
River Suites Hoi An,"River Suites Hoi An, 4, Nguyễn Du, Hoi An Old Town, Phường Hội An Tây, Phường Hội An, Thành phố Đà Nẵng, 51309, Việt Nam",15.8766425,108.3225638,Hoi An,2 - Very cheap,2,#2E7D32,1,TEZ,4,Stars: 4. Price tier: 2 - Very cheap. Price segment: 2/10. Operators (1): TEZ
RiverTown Hoi An Resort & Spa,"30 Le Dai Hanh, Cua Dai, Hoi An, Quang Nam, Vietnam",15.888,108.368,Hoi An,5 - Mid-range,5,#C0CA33,1,FUN&SUN,4,Stars: 4. Price tier: 5 - Mid-range. Price segment: 5/10. Operators (1): FUN&SUN
Royal Lotus Hotel Danang,"Royal Lotus Hotel, 120, Đường Lê Quang Đạo, Phường Ngũ Hành Sơn, Thành phố Đà Nẵng, 50507, Việt Nam",16.0546393,108.2434155,Da Nang,5 - Mid-range,5,#C0CA33,1,ANEX,4,Stars: 4. Price tier: 5 - Mid-range. Price segment: 5/10. Operators (1): ANEX
Royal Riverside Hoi An Hotel,"04 Nguyen Phuc Chu, Hoi An, Quang Nam, Vietnam",15.878,108.335,Hoi An,2 - Very cheap,2,#2E7D32,1,TEZ,4,Stars: 4. Price tier: 2 - Very cheap. Price segment: 2/10. Operators (1): TEZ
Sabina Hotel & Apartment,"63 Duong Dinh Nghe, An Hai Bac, Son Tra, Da Nang, Vietnam",16.0687168,108.2423129,Da Nang,3 - Cheap,3,#43A047,1,TEZ,3,Stars: 3. Price tier: 3 - Cheap. Price segment: 3/10. Operators (1): TEZ
Samdi Hotel,"331 Nguyen Van Linh, Thanh Khe, Da Nang, Vietnam",16.0598789,108.210489,Da Nang,3 - Cheap,3,#43A047,1,TEZ,4,Stars: 4. Price tier: 3 - Cheap. Price segment: 3/10. Operators (1): TEZ
Sandy Beach Non Nuoc Resort Danang,"Sandy Beach Non Nuoc Resort, Đường Trường Sa, Phường Ngũ Hành Sơn, Thành phố Đà Nẵng, 50510, Việt Nam",15.9980738,108.2698245,Da Nang,5 - Mid-range,5,#C0CA33,1,Pegas,4,Stars: 4. Price tier: 5 - Mid-range. Price segment: 5/10. Operators (1): Pegas
Shilla Monogram Danang,"Shilla Monogram, Đường Võ Nguyên Giáp, Phường Điện Bàn Đông, Thành phố Đà Nẵng, Việt Nam",15.9634716,108.2893823,Da Nang,8 - Premium,8,#F4511E,1,ANEX,5,Stars: 5. Price tier: 8 - Premium. Price segment: 8/10. Operators (1): ANEX
Silk River Hoi An Hotel & Spa,"222 Tran Hung Dao, Cam Pho, Hoi An, Quang Nam, Vietnam",15.8765,108.3217,Hoi An,5 - Mid-range,5,#C0CA33,1,FUN&SUN,4,Stars: 4. Price tier: 5 - Mid-range. Price segment: 5/10. Operators (1): FUN&SUN
Sunrise Premium Resort & Spa Hoi An,"Thon 1, Au Co, Cua Dai, Hoi An, Quang Nam, Vietnam",15.8895283,108.3788268,Hoi An,5 - Mid-range,5,#C0CA33,1,TEZ,5,Stars: 5. Price tier: 5 - Mid-range. Price segment: 5/10. Operators (1): TEZ
The Nature Villas & Resort,"The Nature Villas and Resort, Lien Chieu, Da Nang, Vietnam",16.09497,108.14611,Da Nang,3 - Cheap,3,#43A047,1,TEZ,3,Stars: 3. Price tier: 3 - Cheap. Price segment: 3/10. Operators (1): TEZ
TIA Wellness Resort,"Tia Wellness Resort, Đường Võ Nguyên Giáp, Phường Ngũ Hành Sơn, Thành phố Đà Nẵng, 50507, Việt Nam",16.03117,108.2551994,Da Nang,9 - Luxury,9,#E53935,1,PSG,5,Stars: 5. Price tier: 9 - Luxury. Price segment: 9/10. Operators (1): PSG
Vinpearl Da Nang Resort & Villas,"23 Truong Sa, Hoa Hai, Ngu Hanh Son, Da Nang, Vietnam",16.0217,108.2558,Da Nang,8 - Premium,8,#F4511E,1,China Travel,5,Stars: 5. Price tier: 8 - Premium. Price segment: 8/10. Operators (1): China Travel
Boutique Hoi An Resort,"Boutique Hội An Resort, Võ Nguyên Giáp, Trà Quế, Phường Hội An Tây, Thành phố Đà Nẵng, 51313, Việt Nam",15.9035576,108.3540871,Hoi An,6 - Upper mid-range,6,#FDD835,0,n/a,4,Stars: 4. Price tier: 6 - Upper mid-range. Price segment: 6/10. Operators (0): n/a
Four Points by Sheraton Danang,"Four Points by Sheraton Danang, 118-120, Đường Võ Nguyên Giáp, Phường An Hải, Thành phố Đà Nẵng, 50408, Việt Nam",16.0778724,108.2451737,Da Nang,6 - Upper mid-range,6,#FDD835,0,n/a,5,Stars: 5. Price tier: 6 - Upper mid-range. Price segment: 6/10. Operators (0): n/a
New Orient Hotel Danang,"New Orient Hotel, 20, Đường Đống Đa, Thanh Bình, Phường Hải Châu, Thành phố Đà Nẵng, 50207, Việt Nam",16.0825866,108.2214313,Da Nang,4 - Value,4,#7CB342,0,n/a,4,Stars: 4. Price tier: 4 - Value. Price segment: 4/10. Operators (0): n/a
Wyndham Soleil Danang,"Wyndham Soleil Danang, Phường An Hải, Thành phố Đà Nẵng, Việt Nam",16.0710756,108.2436243,Da Nang,6 - Upper mid-range,6,#FDD835,0,n/a,5,Stars: 5. Price tier: 6 - Upper mid-range. Price segment: 6/10. Operators (0): n/a
